{"initial_reset_timestamp": 1557218925.186021, "timestamps": [1557218928.608423, 1557218931.675651, 1557218934.1419609], "episode_lengths": [1009, 991, 1039], "episode_rewards": [2.0, 6.0, 9.0], "episode_types": ["t", "t", "t"]}